,file,genre,bp_negative_abs,bp_positive_abs,bp_em1_abs,bp_negative_per,bp_positive_per,bp_em1_per,mec_suffering_abs,mec_rejection_abs,mec_affection_abs,mec_joy_abs,mec_fear_abs,mec_em2_abs,mec_suffering_per,mec_rejection_per,mec_affection_per,mec_joy_per,mec_fear_per,mec_em2_per,tt_suffering_abs,tt_love_abs,tt_fear_abs,tt_joy_abs,tt_hate_abs,tt_admiration_abs,tt_schadenfreude_abs,tt_em3_abs,tt_friendship_abs,tt_despair_abs,tt_desire_abs,tt_compassion_abs,tt_anger_abs,tt_suffering_per,tt_love_per,tt_fear_per,tt_joy_per,tt_hate_per,tt_admiration_per,tt_schadenfreude_per,tt_em3_per,tt_friendship_per,tt_despair_per,tt_desire_per,tt_compassion_per,tt_anger_per
0,GerDracor/lenz-die-freunde-machen-den-philosophen.xml,comedy,410,273,154,0.48984468339307047,0.32616487455197135,0.18399044205495818,150,190,138,109,51,199,0.17921146953405018,0.2270011947431302,0.16487455197132617,0.13022700119474312,0.06093189964157706,0.23775388291517324,133,72,39,92,45,44,11,238,20,14,0,14,115,0.15890083632019117,0.08602150537634409,0.04659498207885305,0.10991636798088411,0.053763440860215055,0.052568697729988054,0.013142174432497013,0.2843488649940263,0.023894862604540025,0.016726403823178016,0,0.016726403823178016,0.13739545997610514
1,GerDracor/tieck-prinz-zerbino.xml,comedy,2195,1524,606,0.507514450867052,0.3523699421965318,0.1401156069364162,718,1146,581,945,242,693,0.16601156069364162,0.26497109826589593,0.13433526011560692,0.2184971098265896,0.055953757225433526,0.16023121387283237,617,190,192,833,325,251,76,945,55,35,0,92,714,0.14265895953757227,0.04393063583815029,0.04439306358381503,0.19260115606936415,0.07514450867052024,0.058034682080924854,0.017572254335260117,0.2184971098265896,0.012716763005780347,0.008092485549132947,0,0.021271676300578034,0.16508670520231214
2,GerDracor/hafner-maegera-die-foerchterliche-hexe.xml,comedy,742,369,172,0.578332034294622,0.2876071706936867,0.13406079501169135,192,470,161,168,64,228,0.14964925954793454,0.36632891660171474,0.1254871395167576,0.1309431021044427,0.04988308651597818,0.17770849571317227,191,84,66,130,104,52,28,269,18,11,0,25,305,0.14886983632112236,0.06547155105222136,0.05144193296960249,0.10132501948558068,0.08106001558846454,0.04053000779423227,0.021823850350740453,0.20966484801247076,0.014029618082618862,0.00857365549493375,0,0.019485580670303974,0.2377240841777085
3,GerDracor/ayrenhoff-der-postzug.xml,comedy,652,616,206,0.4423337856173677,0.417910447761194,0.13975576662143827,179,417,282,271,68,257,0.12143826322930801,0.2829036635006784,0.19131614654002713,0.18385345997286295,0.04613297150610583,0.17435549525101765,126,79,67,251,83,162,24,346,22,4,0,41,269,0.08548168249660787,0.05359565807327001,0.045454545454545456,0.17028493894165536,0.056309362279511534,0.10990502035278155,0.016282225237449117,0.23473541383989144,0.014925373134328358,0.0027137042062415195,0,0.027815468113975575,0.1824966078697422
4,GerDracor/schink-hanswurst-von-salzburg-mit-dem-hoelzernen-gat.xml,comedy,597,274,50,0.6482084690553745,0.2975027144408252,0.05428881650380022,186,347,113,144,47,84,0.20195439739413681,0.3767643865363735,0.12269272529858849,0.1563517915309446,0.051031487513572206,0.09120521172638436,184,59,29,133,133,49,29,103,3,13,0,27,159,0.1997828447339848,0.06406080347448426,0.031487513572204126,0.1444082519001086,0.1444082519001086,0.053203040173724216,0.031487513572204126,0.11183496199782844,0.003257328990228013,0.014115092290988056,0,0.029315960912052116,0.17263843648208468
5,GerDracor/wieland-alceste.xml,comedy,371,271,81,0.5131396957123098,0.3748271092669433,0.11203319502074689,197,92,169,89,87,89,0.27247579529737204,0.1272475795297372,0.23374827109266944,0.12309820193637622,0.12033195020746888,0.12309820193637622,147,114,49,83,30,25,1,147,16,40,0,31,40,0.2033195020746888,0.15767634854771784,0.0677731673582296,0.11479944674965421,0.04149377593360996,0.034578146611341634,0.0013831258644536654,0.2033195020746888,0.022130013831258646,0.05532503457814661,0,0.042876901798063624,0.05532503457814661
6,GerDracor/brentano-ponce-de-leon.xml,comedy,1539,1082,491,0.49453727506426737,0.3476863753213368,0.15777634961439588,580,693,548,469,192,630,0.18637532133676094,0.22268637532133675,0.17609254498714652,0.150706940874036,0.061696658097686374,0.20244215938303342,471,340,140,465,138,110,52,728,46,20,0,73,529,0.1513496143958869,0.10925449871465295,0.04498714652956298,0.14942159383033418,0.04434447300771208,0.03534704370179949,0.016709511568123392,0.23393316195372751,0.014781491002570694,0.006426735218508998,0,0.02345758354755784,0.16998714652956298
7,TextGrid/-Ein_ander_lustig_Pickelherings_Spiel.xml,comedy,131,76,22,0.5720524017467249,0.3318777292576419,0.09606986899563319,26,88,42,34,5,34,0.11353711790393013,0.38427947598253276,0.18340611353711792,0.14847161572052403,0.021834061135371178,0.14847161572052403,23,12,4,39,17,14,16,43,3,0,0,7,51,0.10043668122270742,0.05240174672489083,0.017467248908296942,0.1703056768558952,0.07423580786026202,0.0611353711790393,0.06986899563318777,0.18777292576419213,0.013100436681222707,0.0,0,0.03056768558951965,0.22270742358078602
8,GerDracor/meisl-der-lustige-fritz.xml,comedy,531,371,133,0.5130434782608696,0.35845410628019325,0.1285024154589372,153,343,146,184,45,164,0.14782608695652175,0.3314009661835749,0.14106280193236714,0.17777777777777778,0.043478260869565216,0.15845410628019324,123,72,35,149,79,59,25,243,10,5,0,22,213,0.11884057971014493,0.06956521739130435,0.033816425120772944,0.14396135265700483,0.07632850241545894,0.057004830917874394,0.024154589371980676,0.23478260869565218,0.00966183574879227,0.004830917874396135,0,0.021256038647342997,0.20579710144927535
9,GerDracor/raimund-der-barometermacher-auf-der-zauberinsel.xml,comedy,654,573,218,0.45259515570934256,0.3965397923875433,0.1508650519031142,163,426,191,304,94,267,0.11280276816608996,0.2948096885813149,0.13217993079584775,0.21038062283737025,0.06505190311418685,0.1847750865051903,132,64,60,272,94,104,39,388,16,8,0,23,245,0.09134948096885813,0.044290657439446365,0.04152249134948097,0.18823529411764706,0.06505190311418685,0.07197231833910035,0.02698961937716263,0.2685121107266436,0.011072664359861591,0.005536332179930796,0,0.01591695501730104,0.1695501730103806
10,GerDracor/platen-die-verhaengnisvolle-gabel.xml,comedy,653,265,135,0.6201329534662868,0.251661918328585,0.1282051282051282,154,384,119,142,86,168,0.1462488129154796,0.3646723646723647,0.11301044634377967,0.13485280151946819,0.08167141500474834,0.15954415954415954,154,41,66,125,142,54,33,211,12,17,0,16,182,0.1462488129154796,0.0389363722697056,0.06267806267806268,0.11870845204178537,0.13485280151946819,0.05128205128205128,0.03133903133903134,0.2003798670465337,0.011396011396011397,0.016144349477682812,0,0.015194681861348529,0.1728395061728395
11,GerDracor/raimund-moisasurs-zauberfluch.xml,comedy,794,430,148,0.5787172011661808,0.31341107871720114,0.10787172011661808,243,429,178,218,99,205,0.17711370262390672,0.31268221574344024,0.12973760932944606,0.1588921282798834,0.07215743440233237,0.14941690962099125,243,71,54,192,135,94,23,246,9,23,0,30,252,0.17711370262390672,0.05174927113702624,0.03935860058309038,0.13994169096209913,0.09839650145772595,0.06851311953352769,0.016763848396501458,0.1793002915451895,0.006559766763848397,0.016763848396501458,0,0.021865889212827987,0.1836734693877551
12,GerDracor/stephanie-doktor-und-apotheker.xml,comedy,1302,680,410,0.544314381270903,0.2842809364548495,0.1714046822742475,282,743,186,381,185,615,0.11789297658862877,0.31061872909698995,0.07775919732441472,0.1592809364548495,0.07734113712374582,0.25710702341137126,278,128,171,275,82,41,29,765,7,12,0,29,575,0.11622073578595318,0.05351170568561873,0.07148829431438126,0.1149665551839465,0.034280936454849496,0.017140468227424748,0.012123745819397994,0.31981605351170567,0.002926421404682274,0.005016722408026756,0,0.012123745819397994,0.2403846153846154
13,GerDracor/eckartshausen-der-pudelhund.xml,comedy,305,271,74,0.46923076923076923,0.4169230769230769,0.11384615384615385,114,154,161,109,23,89,0.1753846153846154,0.23692307692307693,0.24769230769230768,0.1676923076923077,0.03538461538461538,0.13692307692307693,70,97,21,113,42,30,16,130,14,7,0,23,87,0.1076923076923077,0.14923076923076922,0.03230769230769231,0.17384615384615384,0.06461538461538462,0.046153846153846156,0.024615384615384615,0.2,0.021538461538461538,0.010769230769230769,0,0.03538461538461538,0.13384615384615384
14,GerDracor/delpons-der-ahnherr.xml,comedy,164,70,38,0.6029411764705882,0.25735294117647056,0.13970588235294118,54,83,19,49,32,35,0.19852941176470587,0.30514705882352944,0.06985294117647059,0.1801470588235294,0.11764705882352941,0.12867647058823528,42,2,24,39,16,11,7,56,1,3,0,13,58,0.15441176470588236,0.007352941176470588,0.08823529411764706,0.14338235294117646,0.058823529411764705,0.04044117647058824,0.025735294117647058,0.20588235294117646,0.003676470588235294,0.011029411764705883,0,0.04779411764705882,0.21323529411764705
15,GerDracor/mylius-die-schaeferinsel.xml,comedy,766,405,312,0.5165205664194201,0.2730950775455158,0.21038435603506406,253,398,200,212,98,322,0.1706001348617667,0.2683749157113958,0.13486176668914363,0.14295347269049224,0.06608226567768037,0.21712744436952125,214,109,90,174,106,32,22,456,29,14,0,21,216,0.14430209035738367,0.07349966284558328,0.060687795010114634,0.11732973701955496,0.07147673634524612,0.02157788267026298,0.014834794335805798,0.3074848280512475,0.019554956169925825,0.009440323668240054,0,0.014160485502360081,0.14565070802427513
16,GerDracor/stephanie-die-liebe-im-narrenhause.xml,comedy,903,611,249,0.5121951219512195,0.34656834940442427,0.1412365286443562,296,453,268,336,107,303,0.16789563244469655,0.25694838343732274,0.1520136131593874,0.1905842314237096,0.060692002268859895,0.17186613726602382,239,148,99,287,113,72,21,417,17,20,0,48,282,0.13556437889960296,0.08394781622234827,0.05615428247305729,0.16279069767441862,0.06409529211571185,0.04083947816222348,0.01191151446398185,0.23652864435621102,0.009642654566080544,0.011344299489506523,0,0.027226318774815655,0.15995462280204198
17,GerDracor/raimund-die-gefesselte-phantasie.xml,comedy,739,494,195,0.5175070028011205,0.34593837535014005,0.13655462184873948,194,408,201,287,107,231,0.13585434173669467,0.2857142857142857,0.1407563025210084,0.20098039215686275,0.07492997198879552,0.16176470588235295,179,79,84,232,126,78,28,325,7,23,0,25,242,0.1253501400560224,0.055322128851540614,0.058823529411764705,0.16246498599439776,0.08823529411764706,0.0546218487394958,0.0196078431372549,0.22759103641456582,0.004901960784313725,0.01610644257703081,0,0.01750700280112045,0.16946778711484595
18,GerDracor/kleist-penthesilea.xml,comedy,1323,746,392,0.5375863470134092,0.30312880942706216,0.15928484355952865,366,597,394,318,282,504,0.14872003250711094,0.24258431531897603,0.16009752133279154,0.1292157659488013,0.11458756603006907,0.2047947988622511,359,199,187,282,201,153,35,642,16,60,0,42,285,0.14587566030069077,0.08086143843965868,0.07598537180008126,0.11458756603006907,0.08167411621292157,0.06216984965461195,0.014221861032100772,0.2608695652173913,0.00650142218610321,0.024380333197887037,0,0.017066233238520925,0.11580658268996342
19,GerDracor/kotzebue-pagenstreiche.xml,comedy,1201,678,342,0.5407474110760918,0.30526789734353893,0.1539846915803692,320,691,237,359,163,451,0.14407924358397117,0.31112111661413777,0.10670868977937865,0.16163890139576767,0.07339036470058533,0.2030616839261594,275,83,127,321,105,109,44,579,23,15,0,46,494,0.12381809995497524,0.037370553804592525,0.05718144979738857,0.14452949122017109,0.04727600180099054,0.04907699234579019,0.01981089599279604,0.26069338135974784,0.010355695632597929,0.00675371454299865,0,0.020711391265195857,0.2224223322827555
20,GerDracor/wagner-voltaire-am-abend-seiner-apotheose.xml,comedy,139,73,34,0.5650406504065041,0.2967479674796748,0.13821138211382114,33,55,30,49,24,55,0.13414634146341464,0.22357723577235772,0.12195121951219512,0.1991869918699187,0.0975609756097561,0.22357723577235772,33,8,12,43,13,16,5,60,3,5,0,3,45,0.13414634146341464,0.032520325203252036,0.04878048780487805,0.17479674796747968,0.052845528455284556,0.06504065040650407,0.02032520325203252,0.24390243902439024,0.012195121951219513,0.02032520325203252,0,0.012195121951219513,0.18292682926829268
21,GerDracor/gotter-die-geisterinsel.xml,comedy,838,647,291,0.47184684684684686,0.36430180180180183,0.16385135135135134,294,397,275,282,182,346,0.16554054054054054,0.22353603603603603,0.15484234234234234,0.15878378378378377,0.10247747747747747,0.19481981981981983,270,137,127,271,109,70,19,480,22,24,0,38,209,0.15202702702702703,0.07713963963963964,0.07150900900900901,0.15259009009009009,0.06137387387387387,0.039414414414414414,0.010698198198198198,0.2702702702702703,0.012387387387387387,0.013513513513513514,0,0.021396396396396396,0.11768018018018019
22,GerDracor/koerner-die-braut.xml,comedy,256,187,105,0.46715328467153283,0.34124087591240876,0.19160583941605838,55,130,81,113,32,137,0.10036496350364964,0.23722627737226276,0.1478102189781022,0.2062043795620438,0.058394160583941604,0.25,44,47,25,108,16,18,5,162,4,1,0,10,108,0.08029197080291971,0.08576642335766424,0.04562043795620438,0.19708029197080293,0.029197080291970802,0.032846715328467155,0.009124087591240875,0.2956204379562044,0.0072992700729927005,0.0018248175182481751,0,0.01824817518248175,0.19708029197080293
23,TextGrid/-Pandaemonium_Germanicum.xml,comedy,315,195,75,0.5384615384615384,0.3333333333333333,0.1282051282051282,91,184,83,97,47,83,0.15555555555555556,0.3145299145299145,0.14188034188034188,0.1658119658119658,0.08034188034188035,0.14188034188034188,91,26,31,97,43,43,17,121,8,1,0,9,98,0.15555555555555556,0.044444444444444446,0.05299145299145299,0.1658119658119658,0.0735042735042735,0.0735042735042735,0.02905982905982906,0.20683760683760682,0.013675213675213675,0.0017094017094017094,0,0.015384615384615385,0.1675213675213675
24,GerDracor/goethe-das-jahrmarktsfest-zu-plundersweilern.xml,comedy,263,144,31,0.6004566210045662,0.3287671232876712,0.07077625570776255,82,152,55,66,38,45,0.1872146118721461,0.3470319634703196,0.12557077625570776,0.1506849315068493,0.0867579908675799,0.10273972602739725,74,16,27,67,41,29,18,58,9,4,0,7,88,0.1689497716894977,0.0365296803652968,0.06164383561643835,0.15296803652968036,0.09360730593607305,0.06621004566210045,0.0410958904109589,0.1324200913242009,0.02054794520547945,0.0091324200913242,0,0.01598173515981735,0.2009132420091324
25,TextGrid/-Vom_verfolgten_Lateiner.xml,comedy,709,489,124,0.5363086232980333,0.3698940998487141,0.09379727685325265,167,454,185,302,33,181,0.12632375189107414,0.3434190620272315,0.13993948562783662,0.22844175491679275,0.024962178517397883,0.13691376701966718,154,62,26,234,86,107,67,282,17,3,0,26,258,0.11649016641452345,0.046898638426626324,0.019667170953101363,0.17700453857791226,0.06505295007564296,0.08093797276853253,0.05068078668683813,0.21331316187594554,0.012859304084720122,0.0022692889561270802,0,0.019667170953101363,0.1951588502269289
26,TextGrid/-Der_ehrlichen_Frau_Schlampampe_Krankheit_und_Tod.xml,comedy,632,251,147,0.6135922330097088,0.2436893203883495,0.14271844660194175,181,387,73,166,50,173,0.17572815533980582,0.3757281553398058,0.070873786407767,0.16116504854368932,0.04854368932038835,0.1679611650485437,144,39,45,133,53,32,43,212,6,12,0,36,275,0.13980582524271845,0.037864077669902914,0.043689320388349516,0.129126213592233,0.05145631067961165,0.031067961165048542,0.04174757281553398,0.2058252427184466,0.005825242718446602,0.011650485436893204,0,0.03495145631067961,0.2669902912621359
27,GerDracor/schink-der-neue-doktor-faust.xml,comedy,313,149,81,0.576427255985267,0.27440147329650094,0.14917127071823205,58,181,78,81,45,100,0.10681399631675875,0.3333333333333333,0.143646408839779,0.14917127071823205,0.08287292817679558,0.1841620626151013,57,38,27,57,65,20,17,134,0,15,0,11,102,0.10497237569060773,0.06998158379373849,0.049723756906077346,0.10497237569060773,0.11970534069981584,0.03683241252302026,0.03130755064456722,0.24677716390423574,0.0,0.027624309392265192,0,0.020257826887661142,0.1878453038674033
28,GerDracor/lessing-minna-von-barnhelm.xml,comedy,1328,879,483,0.49368029739776953,0.32676579925650556,0.1795539033457249,374,733,434,363,133,653,0.13903345724907062,0.2724907063197026,0.1613382899628253,0.1349442379182156,0.04944237918215613,0.24275092936802975,298,163,112,311,88,133,33,857,42,14,0,69,570,0.11078066914498141,0.06059479553903346,0.041635687732342004,0.11561338289962825,0.03271375464684015,0.04944237918215613,0.012267657992565056,0.31858736059479553,0.015613382899628252,0.0052044609665427505,0,0.025650557620817842,0.21189591078066913
29,GerDracor/kotzebue-die-beiden-klingsberg.xml,comedy,1124,701,538,0.47566652560304695,0.29665679221328817,0.22767668218366482,348,556,379,281,133,666,0.1472704189589505,0.23529411764705882,0.16038933559035126,0.11891663140076174,0.05628438425730004,0.28184511214557767,278,140,91,275,87,166,32,795,28,8,0,42,421,0.11764705882352941,0.05924672027084215,0.038510368176047395,0.11637748624629708,0.03681760473973762,0.0702496826068557,0.013542107490478206,0.3364367329665679,0.01184934405416843,0.0033855268726195515,0,0.017774016081252644,0.17816335167160388
30,GerDracor/iffland-figaro-in-deutschland.xml,comedy,1618,1106,712,0.4708963911525029,0.32188591385331783,0.20721769499417927,472,854,500,537,171,902,0.13736903376018628,0.24854481955762514,0.14551804423748546,0.15628637951105936,0.04976717112922002,0.26251455180442373,399,156,152,429,100,283,45,1203,33,19,0,55,562,0.11612339930151339,0.04540162980209546,0.04423748544819558,0.12485448195576251,0.02910360884749709,0.08236321303841676,0.01309662398137369,0.35011641443539,0.00960419091967404,0.005529685681024447,0,0.0160069848661234,0.16356228172293363
31,TextGrid/-Eulenspiegel.xml,comedy,999,499,325,0.5479978058145913,0.2737246297312123,0.17827756445419637,213,598,187,270,110,445,0.11684037301151948,0.32803071859572136,0.10257816785518377,0.14810751508502468,0.06034009873834339,0.24410312671420736,198,97,86,226,96,56,33,541,12,13,0,37,428,0.1086121777290181,0.053208996160175534,0.047174986286341196,0.12397147558968732,0.052660449808008776,0.030718595721338452,0.018102029621503018,0.29676357652221613,0.006582556226001097,0.007131102578167855,0,0.02029621503017005,0.23477783872737246
32,GerDracor/kotzebue-maedchenfreundschaft.xml,comedy,211,191,57,0.4596949891067538,0.41612200435729846,0.12418300653594772,41,125,77,94,33,89,0.08932461873638345,0.27233115468409586,0.16775599128540306,0.2047930283224401,0.0718954248366013,0.19389978213507625,42,33,21,79,28,32,9,109,17,6,0,8,75,0.0915032679738562,0.0718954248366013,0.0457516339869281,0.1721132897603486,0.06100217864923747,0.06971677559912855,0.0196078431372549,0.2374727668845316,0.037037037037037035,0.013071895424836602,0,0.017429193899782137,0.16339869281045752
33,GerDracor/schlegel-der-triumph-der-guten-frauen.xml,comedy,1177,658,378,0.5318572074107546,0.2973339358337099,0.17080885675553548,332,726,433,245,99,378,0.1500225937641211,0.3280614550384094,0.1956619972887483,0.11070944419340262,0.0447356529597831,0.17080885675553548,232,217,106,191,127,141,32,506,61,11,0,50,539,0.10483506552191595,0.09805693628558518,0.04789877993673746,0.08630817894261184,0.05738816086760054,0.06371441482150926,0.014460009037505649,0.22864889290555807,0.027564392227745142,0.004970628106642567,0,0.022593764121102575,0.24356077722548578
34,GerDracor/weidmann-der-dorfbarbier.xml,comedy,399,210,106,0.558041958041958,0.2937062937062937,0.14825174825174825,112,194,83,108,53,165,0.15664335664335666,0.27132867132867133,0.11608391608391608,0.15104895104895105,0.07412587412587412,0.23076923076923078,86,38,37,112,44,31,10,190,10,15,0,13,129,0.12027972027972028,0.05314685314685315,0.05174825174825175,0.15664335664335666,0.06153846153846154,0.043356643356643354,0.013986013986013986,0.26573426573426573,0.013986013986013986,0.02097902097902098,0,0.01818181818181818,0.18041958041958042
35,TextGrid/-Verlibtes_Gespenste_-_Die_gelibte_Dornrose.xml,comedy,1113,517,165,0.6200557103064067,0.2880222841225627,0.09192200557103064,425,516,256,280,90,228,0.23676880222841226,0.28746518105849583,0.1426183844011142,0.15598885793871867,0.05013927576601671,0.12701949860724235,393,130,80,214,108,95,69,362,22,24,0,40,258,0.218941504178273,0.07242339832869081,0.04456824512534819,0.1192200557103064,0.06016713091922005,0.052924791086350974,0.038440111420612814,0.20167130919220055,0.012256267409470752,0.013370473537604457,0,0.022284122562674095,0.14373259052924792
36,TextGrid/-L_Honnete_Femme_oder_die_Ehrliche_Frau_zu_Plissine.xml,comedy,532,253,125,0.5846153846153846,0.27802197802197803,0.13736263736263737,114,362,94,162,30,148,0.12527472527472527,0.3978021978021978,0.10329670329670329,0.17802197802197803,0.03296703296703297,0.16263736263736264,86,25,23,139,63,48,43,187,9,12,0,17,258,0.0945054945054945,0.027472527472527472,0.025274725274725275,0.15274725274725276,0.06923076923076923,0.05274725274725275,0.04725274725274725,0.20549450549450549,0.00989010989010989,0.013186813186813187,0,0.01868131868131868,0.2835164835164835
37,GerDracor/tieck-die-theegesellschaft.xml,comedy,343,334,159,0.4102870813397129,0.39952153110047844,0.1901913875598086,106,186,113,187,20,224,0.12679425837320574,0.22248803827751196,0.13516746411483255,0.2236842105263158,0.023923444976076555,0.2679425837320574,82,36,13,153,39,57,14,257,12,3,0,4,166,0.09808612440191387,0.0430622009569378,0.01555023923444976,0.18301435406698566,0.04665071770334928,0.06818181818181818,0.01674641148325359,0.30741626794258375,0.014354066985645933,0.0035885167464114833,0,0.004784688995215311,0.19856459330143542
38,TextGrid/-Pimpinone_oder_Die_ungleiche_Heirat.xml,comedy,109,109,23,0.45228215767634855,0.45228215767634855,0.0954356846473029,33,61,53,54,5,35,0.13692946058091288,0.25311203319502074,0.21991701244813278,0.22406639004149378,0.02074688796680498,0.14522821576763487,23,15,4,51,12,20,8,59,3,0,0,4,42,0.0954356846473029,0.06224066390041494,0.016597510373443983,0.21161825726141079,0.04979253112033195,0.08298755186721991,0.03319502074688797,0.24481327800829875,0.012448132780082987,0.0,0,0.016597510373443983,0.17427385892116182
39,GerDracor/goethe-die-mitschuldigen.xml,comedy,632,257,221,0.5693693693693693,0.23153153153153153,0.1990990990990991,176,347,133,133,69,252,0.15855855855855855,0.31261261261261264,0.11981981981981982,0.11981981981981982,0.062162162162162166,0.22702702702702704,144,58,59,121,82,29,21,313,12,9,0,25,237,0.12972972972972974,0.05225225225225225,0.05315315315315315,0.109009009009009,0.07387387387387387,0.026126126126126126,0.01891891891891892,0.281981981981982,0.010810810810810811,0.008108108108108109,0,0.02252252252252252,0.21351351351351353
40,GerDracor/lessing-der-misogyn.xml,comedy,551,336,216,0.499546690843155,0.3046237533998187,0.1958295557570263,146,361,170,143,43,240,0.13236627379873073,0.3272892112420671,0.1541251133272892,0.12964641885766093,0.038984587488667274,0.21758839528558477,97,93,48,116,68,55,14,321,17,6,0,28,240,0.08794197642792384,0.0843155031731641,0.043517679057116954,0.10516772438803264,0.061650045330915684,0.04986400725294651,0.012692656391659111,0.2910244786944696,0.015412511332728921,0.005439709882139619,0,0.025385312783318223,0.21758839528558477
41,GerDracor/gotter-der-dorfjahrmarkt.xml,comedy,870,451,292,0.5393676379417235,0.2796032238065716,0.18102913825170489,217,536,180,237,81,362,0.13453192808431494,0.3323000619962802,0.1115933044017359,0.14693118412895226,0.050216986980781156,0.22442653440793553,156,74,77,229,58,53,36,468,20,8,0,30,404,0.09671419714817112,0.04587724736515809,0.04773713577185369,0.14197148171109733,0.03595784252944823,0.0328580285182889,0.022318660880347178,0.2901425914445133,0.012399256044637322,0.0049597024178549285,0,0.018598884066955982,0.2504649721016739
42,GerDracor/weissenthurn-welche-ist-die-braut.xml,comedy,948,771,393,0.44886363636363635,0.3650568181818182,0.18607954545454544,346,413,403,362,88,500,0.16382575757575757,0.19554924242424243,0.19081439393939395,0.17140151515151514,0.041666666666666664,0.23674242424242425,282,188,54,309,94,144,27,636,38,15,0,40,285,0.13352272727272727,0.08901515151515152,0.02556818181818182,0.14630681818181818,0.04450757575757576,0.06818181818181818,0.01278409090909091,0.30113636363636365,0.017992424242424244,0.007102272727272727,0,0.01893939393939394,0.13494318181818182
43,GerDracor/klemm-der-auf-den-parnass-versetzte-gruene-hut.xml,comedy,423,387,177,0.42857142857142855,0.39209726443769,0.17933130699088146,105,308,146,200,30,198,0.10638297872340426,0.3120567375886525,0.14792299898682879,0.20263424518743667,0.030395136778115502,0.2006079027355623,75,68,26,170,80,61,21,252,23,7,0,20,184,0.07598784194528875,0.06889564336372847,0.02634245187436677,0.17223910840932116,0.08105369807497467,0.06180344478216818,0.02127659574468085,0.2553191489361702,0.02330293819655522,0.0070921985815602835,0,0.020263424518743668,0.18642350557244175
44,GerDracor/andre-der-comoedienfeind.xml,comedy,262,136,58,0.5745614035087719,0.2982456140350877,0.12719298245614036,56,135,74,66,24,101,0.12280701754385964,0.29605263157894735,0.16228070175438597,0.14473684210526316,0.05263157894736842,0.22149122807017543,44,39,22,49,40,30,2,119,5,0,0,11,95,0.09649122807017543,0.08552631578947369,0.04824561403508772,0.1074561403508772,0.08771929824561403,0.06578947368421052,0.0043859649122807015,0.26096491228070173,0.010964912280701754,0.0,0,0.02412280701754386,0.20833333333333334
45,TextGrid/-Orpheus_oder_Die_wunderbare_Bestaendigkeit_der_Liebe.xml,comedy,325,214,69,0.5345394736842105,0.3519736842105263,0.11348684210526316,138,102,128,83,65,92,0.22697368421052633,0.16776315789473684,0.21052631578947367,0.13651315789473684,0.1069078947368421,0.1513157894736842,123,81,29,91,58,21,5,128,8,14,0,9,41,0.20230263157894737,0.13322368421052633,0.047697368421052634,0.14967105263157895,0.09539473684210527,0.03453947368421053,0.008223684210526315,0.21052631578947367,0.013157894736842105,0.023026315789473683,0,0.014802631578947368,0.06743421052631579
46,GerDracor/klinger-prinz-seiden-wurm-der-reformator.xml,comedy,676,496,123,0.522007722007722,0.383011583011583,0.09498069498069497,126,476,258,225,69,141,0.0972972972972973,0.3675675675675676,0.19922779922779923,0.17374517374517376,0.05328185328185328,0.10888030888030888,114,91,45,167,145,174,24,226,13,5,0,17,274,0.08803088803088803,0.07027027027027027,0.03474903474903475,0.12895752895752896,0.11196911196911197,0.13436293436293437,0.018532818532818532,0.1745173745173745,0.010038610038610039,0.003861003861003861,0,0.013127413127413128,0.21158301158301157
47,GerDracor/weissenthurn-welcher-ist-der-braeutigam.xml,comedy,586,419,306,0.4469870327993898,0.31960335621662855,0.2334096109839817,161,260,222,225,96,347,0.12280701754385964,0.19832189168573608,0.16933638443935928,0.17162471395881007,0.07322654462242563,0.2646834477498093,144,109,73,182,45,69,19,430,21,11,0,23,185,0.10983981693363844,0.08314263920671243,0.05568268497330282,0.13882532418001525,0.034324942791762014,0.05263157894736842,0.014492753623188406,0.32799389778794813,0.016018306636155607,0.008390541571319604,0,0.017543859649122806,0.14111365369946605
48,GerDracor/krueger-die-geistlichen-auf-dem-lande.xml,comedy,855,518,165,0.5559167750325098,0.3368010403120936,0.10728218465539661,236,551,253,253,54,191,0.15344603381014305,0.358257477243173,0.1644993498049415,0.1644993498049415,0.035110533159947985,0.12418725617685306,181,121,51,185,174,110,32,293,32,5,0,38,316,0.1176853055916775,0.07867360208062418,0.03315994798439532,0.12028608582574772,0.11313394018205461,0.07152145643693109,0.02080624187256177,0.1905071521456437,0.02080624187256177,0.003250975292587776,0,0.0247074122236671,0.20546163849154747
49,GerDracor/hippel-der-mann-nach-der-uhr.xml,comedy,349,206,148,0.49644381223328593,0.2930298719772404,0.21052631578947367,138,162,111,86,23,183,0.19630156472261737,0.23044096728307253,0.15789473684210525,0.12233285917496443,0.032716927453769556,0.2603129445234708,116,69,26,62,25,35,6,204,9,3,0,13,135,0.16500711237553342,0.09815078236130868,0.03698435277382646,0.08819345661450925,0.03556187766714083,0.049786628733997154,0.008534850640113799,0.2901849217638691,0.012802275960170697,0.004267425320056899,0,0.01849217638691323,0.19203413940256045
50,GerDracor/lenz-der-neue-menoza.xml,comedy,796,468,296,0.5102564102564102,0.3,0.18974358974358974,234,420,233,212,92,369,0.15,0.2692307692307692,0.14935897435897436,0.1358974358974359,0.05897435897435897,0.23653846153846153,228,114,57,194,103,67,23,429,15,31,0,32,267,0.14615384615384616,0.07307692307692308,0.03653846153846154,0.12435897435897436,0.06602564102564103,0.04294871794871795,0.014743589743589743,0.275,0.009615384615384616,0.01987179487179487,0,0.020512820512820513,0.17115384615384616
51,TextGrid/-Horribilicribrifax.xml,comedy,949,622,215,0.5313549832026876,0.3482642777155655,0.12038073908174692,279,532,332,295,82,266,0.15621500559910415,0.2978723404255319,0.1858902575587906,0.16517357222844345,0.04591265397536394,0.14893617021276595,258,111,56,254,158,160,60,407,24,19,0,38,241,0.1444568868980963,0.06215005599104143,0.03135498320268757,0.1422172452407615,0.08846584546472565,0.08958566629339305,0.0335946248600224,0.22788353863381858,0.013437849944008958,0.010638297872340425,0,0.02127659574468085,0.1349384098544233
52,GerDracor/tieck-der-gestiefelte-kater.xml,comedy,739,509,223,0.5023793337865398,0.3460231135282121,0.15159755268524813,212,399,177,314,66,303,0.1441196464989803,0.27124405166553367,0.1203263086335826,0.21346023113528212,0.04486743711760707,0.20598232494901428,176,48,51,248,86,118,34,405,12,12,0,19,262,0.11964649898028552,0.03263086335825969,0.03467029231815092,0.16859279401767505,0.05846363018354861,0.08021753908905506,0.023113528212100613,0.27532290958531613,0.008157715839564922,0.008157715839564922,0,0.01291638341264446,0.17811012916383412
53,GerDracor/schikaneder-die-zauberfloete.xml,comedy,712,614,242,0.45408163265306123,0.39158163265306123,0.15433673469387754,185,352,293,276,143,319,0.11798469387755102,0.22448979591836735,0.1868622448979592,0.1760204081632653,0.09119897959183673,0.20344387755102042,204,162,86,229,92,82,25,419,22,29,0,23,195,0.13010204081632654,0.10331632653061225,0.0548469387755102,0.14604591836734693,0.058673469387755105,0.05229591836734694,0.01594387755102041,0.26721938775510207,0.01403061224489796,0.018494897959183673,0,0.014668367346938776,0.12436224489795919
54,GerDracor/raimund-das-maedchen-aus-der-feenwelt.xml,comedy,930,591,216,0.5354058721934369,0.34024179620034545,0.12435233160621761,245,521,196,354,127,294,0.14104778353483016,0.2999424294761082,0.11283822682786414,0.20379965457685664,0.07311456534254462,0.1692573402417962,232,88,89,306,122,90,43,379,20,21,0,25,322,0.1335636154289004,0.050662061024755324,0.051237766263673,0.17616580310880828,0.07023603914795624,0.05181347150259067,0.02475532527345999,0.2181922855497985,0.011514104778353483,0.012089810017271158,0,0.014392630972941854,0.18537708693149108
55,GerDracor/raimund-die-unheilbringende-zauberkrone.xml,comedy,1347,775,339,0.547338480292564,0.31491263713937423,0.13774888256806175,391,681,358,395,240,396,0.1588785046728972,0.2767167817960179,0.14546932141405933,0.160503860219423,0.09752133279154815,0.16091019910605445,362,111,146,320,224,234,44,528,17,49,0,36,390,0.14709467696058512,0.04510361641609102,0.05932547744819179,0.1300284437220642,0.09101991060544494,0.09508329947175945,0.017878911011783828,0.21454693214140594,0.00690776107273466,0.019910605444941082,0,0.014628199918732222,0.15847216578626575
56,GerDracor/gottschedin-der-witzling.xml,comedy,343,263,134,0.4635135135135135,0.3554054054054054,0.1810810810810811,82,233,78,187,24,136,0.11081081081081082,0.31486486486486487,0.10540540540540541,0.2527027027027027,0.032432432432432434,0.1837837837837838,73,27,21,139,49,54,19,180,10,3,0,12,153,0.09864864864864865,0.03648648648648649,0.02837837837837838,0.18783783783783783,0.06621621621621622,0.07297297297297298,0.025675675675675677,0.24324324324324326,0.013513513513513514,0.004054054054054054,0,0.016216216216216217,0.20675675675675675
57,GerDracor/holtei-die-kalkbrenner.xml,comedy,290,176,97,0.5150976909413855,0.31261101243339257,0.17229129662522202,68,186,64,102,19,124,0.12078152753108348,0.33037300177619894,0.11367673179396093,0.1811722912966252,0.03374777975133215,0.2202486678507993,55,22,14,91,25,17,10,181,8,3,0,12,125,0.09769094138543517,0.03907637655417407,0.02486678507992895,0.16163410301953818,0.04440497335701599,0.03019538188277087,0.017761989342806393,0.32149200710479575,0.014209591474245116,0.0053285968028419185,0,0.021314387211367674,0.22202486678507993
58,GerDracor/sessa-unser-verkehr.xml,comedy,414,301,116,0.4981949458483754,0.3622141997593261,0.13959085439229843,101,248,108,177,46,151,0.12154031287605295,0.29843561973525873,0.1299638989169675,0.21299638989169675,0.05535499398315283,0.18170878459687123,93,52,43,147,39,37,24,225,4,3,0,13,151,0.11191335740072202,0.06257521058965103,0.05174488567990373,0.17689530685920576,0.04693140794223827,0.044524669073405534,0.02888086642599278,0.27075812274368233,0.0048134777376654635,0.0036101083032490976,0,0.015643802647412757,0.18170878459687123
59,TextGrid/-Graf_Ehrenfried.xml,comedy,965,587,277,0.5276107162383816,0.3209404045926736,0.15144887916894478,228,681,222,343,66,289,0.12465828321487152,0.3723346090759978,0.12137780207763806,0.18753417167851286,0.03608529250956807,0.1580098414434117,180,70,68,264,78,142,80,387,21,21,0,35,483,0.09841443411700383,0.03827227993439038,0.037178786221979225,0.1443411700382723,0.04264625478403499,0.07763805358119191,0.04373974849644614,0.21159103335155824,0.011481683980317113,0.011481683980317113,0,0.01913613996719519,0.2640787315472936
60,GerDracor/kleist-amphitryon.xml,comedy,1035,555,313,0.5438780872306884,0.29164477141355755,0.1644771413557541,235,636,273,246,118,395,0.12348922753547031,0.33420914345769837,0.14345769837099318,0.12926957435627956,0.06200735680504467,0.20756699947451393,236,130,70,202,173,99,30,534,29,22,0,22,356,0.12401471361008934,0.06831318970047294,0.03678402522333158,0.10614818707304256,0.09090909090909091,0.05202312138728324,0.015764582238570676,0.28060956384655805,0.015239096163951655,0.011560693641618497,0,0.011560693641618497,0.18707304256437204
61,GerDracor/stephanie-die-entfuehrung-aus-dem-serail.xml,comedy,621,339,131,0.5692025664527957,0.31072410632447295,0.12007332722273144,169,349,144,174,100,155,0.15490375802016498,0.3198900091659028,0.13198900091659027,0.15948670944087992,0.09165902841429881,0.14207149404216315,135,88,78,146,82,36,16,247,10,19,0,29,205,0.12373968835930339,0.08065994500458296,0.07149404216315307,0.13382218148487626,0.07516040329972502,0.03299725022914757,0.01466544454628781,0.22639780018331807,0.00916590284142988,0.017415215398716773,0,0.026581118240146653,0.18790100824931255
62,GerDracor/malss-der-alte-buerger-capitain.xml,comedy,616,331,95,0.5911708253358925,0.31765834932821496,0.09117082533589252,169,351,89,251,35,147,0.16218809980806143,0.33685220729366605,0.0854126679462572,0.24088291746641075,0.03358925143953935,0.14107485604606526,139,37,27,189,35,31,68,225,5,1,0,13,272,0.13339731285988485,0.03550863723608445,0.025911708253358926,0.1813819577735125,0.03358925143953935,0.029750479846449136,0.06525911708253358,0.21593090211132437,0.0047984644913627635,0.0009596928982725527,0,0.012476007677543186,0.26103646833013433
63,GerDracor/solbrig-die-dorfschule.xml,comedy,246,80,73,0.6165413533834586,0.20050125313283207,0.18295739348370926,58,157,19,45,18,102,0.14536340852130325,0.39348370927318294,0.047619047619047616,0.11278195488721804,0.045112781954887216,0.2556390977443609,57,7,13,30,36,7,5,126,0,0,0,7,111,0.14285714285714285,0.017543859649122806,0.03258145363408521,0.07518796992481203,0.09022556390977443,0.017543859649122806,0.012531328320802004,0.3157894736842105,0.0,0.0,0,0.017543859649122806,0.2781954887218045
64,GerDracor/kotzebue-der-freimaurer.xml,comedy,207,109,67,0.5404699738903395,0.2845953002610966,0.17493472584856398,57,104,45,62,26,89,0.14882506527415143,0.27154046997389036,0.1174934725848564,0.1618798955613577,0.06788511749347259,0.23237597911227154,54,21,21,46,21,22,12,113,4,1,0,3,65,0.1409921671018277,0.05483028720626632,0.05483028720626632,0.12010443864229765,0.05483028720626632,0.057441253263707574,0.031331592689295036,0.2950391644908616,0.010443864229765013,0.0026109660574412533,0,0.007832898172323759,0.16971279373368145
65,GerDracor/goethe-goetter-helden-und-wieland.xml,comedy,152,92,55,0.5083612040133779,0.3076923076923077,0.18394648829431437,50,104,54,37,10,44,0.16722408026755853,0.34782608695652173,0.1806020066889632,0.12374581939799331,0.033444816053511704,0.14715719063545152,32,20,7,41,35,24,4,71,6,6,0,3,50,0.10702341137123746,0.06688963210702341,0.023411371237458192,0.13712374581939799,0.11705685618729098,0.0802675585284281,0.013377926421404682,0.23745819397993312,0.020066889632107024,0.020066889632107024,0,0.010033444816053512,0.16722408026755853
66,GerDracor/baeuerle-doktor-fausts-mantel.xml,comedy,895,629,220,0.5131880733944955,0.3606651376146789,0.12614678899082568,234,526,240,323,125,296,0.1341743119266055,0.30160550458715596,0.13761467889908258,0.18520642201834864,0.0716743119266055,0.16972477064220184,215,124,76,314,114,88,40,370,17,28,0,32,326,0.12327981651376146,0.07110091743119266,0.04357798165137615,0.18004587155963303,0.06536697247706422,0.05045871559633028,0.022935779816513763,0.2121559633027523,0.00974770642201835,0.016055045871559634,0,0.01834862385321101,0.18692660550458715
67,GerDracor/lessing-damon.xml,comedy,322,245,158,0.44413793103448274,0.33793103448275863,0.21793103448275863,131,163,150,89,34,158,0.18068965517241378,0.22482758620689655,0.20689655172413793,0.12275862068965518,0.04689655172413793,0.21793103448275863,104,59,27,69,27,31,10,206,56,4,0,16,116,0.14344827586206896,0.08137931034482758,0.037241379310344824,0.09517241379310344,0.037241379310344824,0.04275862068965517,0.013793103448275862,0.28413793103448276,0.07724137931034483,0.005517241379310344,0,0.022068965517241378,0.16
68,GerDracor/gottschedin-das-testament.xml,comedy,1187,761,515,0.4819326025172554,0.3089727974015428,0.2090946000812018,363,722,302,462,81,533,0.14738124238733252,0.293138449045879,0.12261469752334551,0.18757612667478685,0.03288672350791717,0.21640276086073892,301,118,90,409,112,137,29,662,26,12,0,44,523,0.122208688591149,0.04790905399918798,0.03654080389768575,0.1660576532683719,0.045473000406008934,0.05562322371092164,0.011774259033698742,0.2687779131140885,0.010556232237109216,0.0048721071863581,0,0.017864393016646368,0.21234267153877384
69,GerDracor/platen-der-romantische-oedipus.xml,comedy,607,290,89,0.6156186612576064,0.29411764705882354,0.09026369168356999,192,330,132,137,78,117,0.1947261663286004,0.33468559837728196,0.13387423935091278,0.1389452332657201,0.07910750507099391,0.11866125760649088,182,69,55,131,133,57,13,162,9,14,0,24,137,0.1845841784989858,0.06997971602434078,0.055780933062880324,0.1328600405679513,0.13488843813387424,0.057809330628803245,0.013184584178498986,0.1643002028397566,0.009127789046653144,0.014198782961460446,0,0.02434077079107505,0.1389452332657201
70,GerDracor/gleich-der-eheteufel-auf-reisen.xml,comedy,580,406,191,0.4927782497875956,0.3449447748513169,0.1622769753610875,161,365,122,257,43,229,0.13678844519966016,0.31011045029736617,0.10365335598980459,0.2183517417162277,0.03653355989804588,0.19456244689889549,128,55,22,225,68,39,31,311,8,5,0,25,260,0.10875106202209006,0.04672897196261682,0.018691588785046728,0.1911639762107052,0.05777400169923534,0.03313508920985556,0.026338147833474938,0.26423109600679695,0.006796941376380629,0.004248088360237893,0,0.021240441801189464,0.22090059473237042
71,GerDracor/cronegk-der-misstrauische.xml,comedy,1316,754,421,0.5283018867924528,0.30268968285828984,0.16900843034925733,554,530,449,293,183,482,0.22240064231232437,0.2127659574468085,0.1802488960256925,0.11762344439983942,0.0734644720995584,0.1934965877157768,434,244,151,264,122,110,20,583,86,26,0,80,371,0.17422721798474508,0.09795262946607788,0.06061822561220393,0.10598153352067442,0.04897631473303894,0.04415897230028101,0.008028904054596548,0.23404255319148937,0.034524287434765155,0.010437575270975512,0,0.03211561621838619,0.14893617021276595
72,GerDracor/schlegel-der-geschaeftige-muessiggaenger.xml,comedy,1428,725,426,0.553702985653354,0.2811167119038387,0.1651803024428073,386,862,293,405,142,491,0.14967041488949206,0.3342380767739434,0.11360992632803413,0.1570376114773168,0.0550601008142691,0.19038386971694454,302,105,153,317,100,97,45,663,20,14,0,43,720,0.11709965102753005,0.0407134548274525,0.059325319891430785,0.12291585886002326,0.038774718883288095,0.03761147731678945,0.017448623497479644,0.2570763861962001,0.0077549437766576195,0.005428460643660334,0,0.016673129119813883,0.2791779759596743
73,GerDracor/raupach-kritik-und-antikritik.xml,comedy,863,451,253,0.5507338864071474,0.2878111040204212,0.1614550095724314,202,437,186,234,147,361,0.12890874282067646,0.2788768347160179,0.11869814932992981,0.14932992980216975,0.09380982769623485,0.23037651563497127,187,55,133,202,124,103,16,422,19,12,0,31,263,0.11933631142310147,0.03509891512444161,0.08487555839183153,0.12890874282067646,0.07913209955328654,0.06573069559668156,0.01021059349074665,0.2693044033184429,0.012125079770261647,0.007657945118059987,0,0.019783024888321635,0.16783663050414804
74,GerDracor/kleist-der-zerbrochene-krug.xml,comedy,1241,422,404,0.6003870343492985,0.20416061925495887,0.19545234639574263,248,695,144,264,130,586,0.11998064828253507,0.3362360909530721,0.06966618287373004,0.12772133526850507,0.06289308176100629,0.28350266086115145,248,41,82,169,101,62,33,669,17,13,0,38,594,0.11998064828253507,0.01983551040154814,0.03967102080309628,0.08176100628930817,0.04886308659893566,0.02999516207063377,0.015965166908563134,0.32365747460087085,0.00822447992259313,0.006289308176100629,0,0.018384131591678763,0.28737300435413643
75,TextGrid/-Somnium_Vitae_Humanae.xml,comedy,535,327,70,0.5740343347639485,0.35085836909871243,0.07510729613733906,181,281,187,152,22,109,0.194206008583691,0.30150214592274677,0.20064377682403434,0.1630901287553648,0.023605150214592276,0.11695278969957082,158,16,16,140,56,128,45,208,17,2,0,19,127,0.16952789699570817,0.017167381974248927,0.017167381974248927,0.15021459227467812,0.060085836909871244,0.13733905579399142,0.048283261802575105,0.22317596566523606,0.018240343347639486,0.002145922746781116,0,0.0203862660944206,0.13626609442060086
76,TextGrid/-Baeurischer_Machiavellus.xml,comedy,1129,569,119,0.6213538800220143,0.3131535498073748,0.0654925701706109,228,781,201,372,59,176,0.12548156301596036,0.4298293891029169,0.11062190423775455,0.20473307649972483,0.032471106219042374,0.09686296092460099,215,57,60,264,143,136,89,318,46,16,0,25,448,0.11832691249312052,0.03137039075399009,0.03302146395156852,0.14529444138690148,0.0787011557512383,0.0748486516235553,0.04898183819482664,0.17501375894331314,0.02531645569620253,0.008805723720418272,0,0.01375894331315355,0.24656026417171162
77,GerDracor/lenz-die-soldaten.xml,comedy,761,328,192,0.5940671350507416,0.25604996096799376,0.14988290398126464,257,383,166,153,64,258,0.20062451209992194,0.29898516783762685,0.12958626073380172,0.11943793911007025,0.04996096799375488,0.20140515222482436,224,71,50,137,76,68,27,283,25,8,0,41,271,0.17486338797814208,0.05542544886807182,0.039032006245121,0.10694769711163153,0.05932864949258392,0.05308352849336456,0.02107728337236534,0.22092115534738485,0.0195160031225605,0.00624512099921936,0,0.03200624512099922,0.21155347384855583
78,GerDracor/kotzebue-menschenhass-und-reue.xml,comedy,1217,778,413,0.5053986710963455,0.3230897009966777,0.17151162790697674,471,591,379,373,127,467,0.19559800664451826,0.24543189368770765,0.15739202657807308,0.15490033222591362,0.052740863787375414,0.19393687707641197,378,136,112,367,121,150,30,583,46,15,0,71,399,0.1569767441860465,0.05647840531561462,0.046511627906976744,0.15240863787375417,0.05024916943521595,0.06229235880398671,0.012458471760797342,0.242109634551495,0.01910299003322259,0.006229235880398671,0,0.029485049833887042,0.16569767441860464
79,GerDracor/lessing-der-schatz.xml,comedy,610,311,310,0.49553208773354995,0.25264012997562957,0.2518277822908205,174,364,153,137,48,355,0.1413484971567831,0.2956945572705118,0.12428919577579203,0.11129163281884646,0.03899268887083672,0.2883834281072299,126,48,46,129,58,59,22,411,23,6,0,31,272,0.10235580828594638,0.03899268887083672,0.03736799350121852,0.10479285134037368,0.047116165718927704,0.0479285134037368,0.017871649065800164,0.3338748984565394,0.01868399675060926,0.00487408610885459,0,0.025182778229082048,0.22095857026807472
80,GerDracor/lessing-die-juden.xml,comedy,525,272,209,0.5218687872763419,0.27037773359840955,0.2077534791252485,144,329,141,107,44,241,0.14314115308151093,0.32703777335984097,0.14015904572564614,0.10636182902584493,0.0437375745526839,0.23956262425447317,86,43,44,105,63,58,11,309,27,4,0,13,243,0.08548707753479125,0.042743538767395624,0.0437375745526839,0.10437375745526839,0.06262425447316103,0.05765407554671968,0.010934393638170975,0.3071570576540755,0.0268389662027833,0.003976143141153081,0,0.012922465208747515,0.2415506958250497
81,GerDracor/stephanie-der-schauspieldirektor.xml,comedy,258,206,80,0.4742647058823529,0.3786764705882353,0.14705882352941177,64,151,105,98,18,108,0.11764705882352941,0.2775735294117647,0.19301470588235295,0.1801470588235294,0.03308823529411765,0.19852941176470587,60,38,19,94,20,42,9,126,7,3,0,6,120,0.11029411764705882,0.06985294117647059,0.034926470588235295,0.17279411764705882,0.03676470588235294,0.07720588235294118,0.016544117647058824,0.23161764705882354,0.012867647058823529,0.0055147058823529415,0,0.011029411764705883,0.22058823529411764
82,GerDracor/quistorp-der-hypochondrist.xml,comedy,1294,752,481,0.5120696478037198,0.29758607043925606,0.19034428175702414,437,658,204,536,187,505,0.17293233082706766,0.26038781163434904,0.08072813612979818,0.21210922041946972,0.074000791452315,0.1998417095370004,378,74,151,457,100,80,43,642,24,18,0,59,501,0.14958448753462603,0.02928373565492679,0.059754649782350615,0.1808468539770479,0.03957261574990107,0.031658092599920855,0.01701622477245746,0.25405619311436484,0.009497427779976256,0.007123070834982192,0,0.02334784329244163,0.19825880490700434
83,GerDracor/lenz-der-hofmeister.xml,comedy,934,424,265,0.5754775107825015,0.26124460874922983,0.16327788046826863,269,526,196,196,102,334,0.16574245224892176,0.32409118915588414,0.12076401725200246,0.12076401725200246,0.06284658040665435,0.20579174368453482,241,80,75,162,104,69,28,445,21,25,0,37,336,0.14849044978434997,0.04929143561306223,0.04621072088724584,0.09981515711645102,0.0640788662969809,0.04251386321626617,0.01725200246457178,0.27418361059765867,0.012939001848428836,0.015403573629081947,0,0.02279728897104128,0.20702402957486138
84,GerDracor/schroeder-der-vetter-in-lissabon.xml,comedy,815,465,301,0.5154965211891208,0.29411764705882354,0.19038583175205567,282,394,222,213,106,364,0.17836812144212524,0.24920936116382036,0.14041745730550284,0.1347248576850095,0.06704617330803289,0.23023402909550916,225,119,81,183,78,46,16,488,23,16,0,39,267,0.14231499051233396,0.07526881720430108,0.051233396584440226,0.1157495256166983,0.04933586337760911,0.0290955091714105,0.010120177103099304,0.30866540164452877,0.01454775458570525,0.010120177103099304,0,0.024667931688804556,0.16888045540796964
85,GerDracor/lessing-der-freigeist.xml,comedy,1094,582,428,0.5199619771863118,0.27661596958174905,0.20342205323193915,309,612,310,248,114,511,0.14686311787072243,0.2908745247148289,0.1473384030418251,0.11787072243346007,0.05418250950570342,0.24287072243346008,189,132,86,211,151,88,22,672,64,11,0,29,449,0.08982889733840305,0.06273764258555133,0.0408745247148289,0.1002851711026616,0.0717680608365019,0.04182509505703422,0.010456273764258554,0.3193916349809886,0.030418250950570342,0.005228136882129277,0,0.013783269961977186,0.21340304182509506
86,"TextGrid/-Der_hochmuetige,_gestuerzte_und_wieder_erhabene_Croesus.xml",comedy,513,411,194,0.4588550983899821,0.3676207513416816,0.1735241502683363,159,244,196,224,84,211,0.14221824686940965,0.2182468694096601,0.17531305903398928,0.2003577817531306,0.07513416815742398,0.1887298747763864,188,120,42,154,83,92,16,273,11,23,0,13,103,0.16815742397137745,0.1073345259391771,0.03756708407871199,0.13774597495527727,0.0742397137745975,0.08228980322003578,0.014311270125223614,0.2441860465116279,0.009838998211091235,0.020572450805008944,0,0.011627906976744186,0.09212880143112702
87,GerDracor/neuber-das-schaeferfest.xml,comedy,1101,665,279,0.5383863080684597,0.3251833740831296,0.13643031784841075,313,638,354,355,90,295,0.1530562347188264,0.3119804400977995,0.17310513447432763,0.17359413202933985,0.044009779951100246,0.14425427872860636,256,169,102,309,125,78,48,379,54,9,0,48,468,0.12518337408312957,0.08264058679706601,0.04987775061124694,0.15110024449877751,0.061124694376528114,0.038141809290953545,0.0234718826405868,0.18533007334963325,0.026405867970660146,0.004400977995110024,0,0.0234718826405868,0.22885085574572128
88,GerDracor/kotzebue-die-indianer-in-england.xml,comedy,1123,939,515,0.4357780364765231,0.36437718277066355,0.19984478075281334,380,585,415,474,134,589,0.1474582848273186,0.2270081490104773,0.16103996895615055,0.1839348079161816,0.05199844780752813,0.2285603414823438,282,218,112,447,113,132,27,743,31,21,0,67,384,0.10942956926658906,0.08459448971672487,0.04346138921226232,0.17345750873108265,0.043849437330228946,0.051222351571594875,0.010477299185098952,0.2883197516492045,0.012029491656965464,0.008149010477299184,0,0.025999223903764065,0.1490104772991851
89,GerDracor/schlegel-die-stumme-schoenheit.xml,comedy,495,341,251,0.45538178472861085,0.3137074517019319,0.23091076356945722,129,315,148,197,30,268,0.11867525298988041,0.28978840846366144,0.13615455381784727,0.1812327506899724,0.027598896044158234,0.24655013799448022,115,70,53,141,41,45,15,369,16,1,0,17,204,0.10579576816927323,0.06439742410303588,0.04875804967801288,0.1297148114075437,0.03771849126034959,0.04139834406623735,0.013799448022079117,0.33946642134314625,0.014719411223551058,0.0009199632014719411,0,0.015639374425023,0.18767249310027598
90,GerDracor/tieck-die-verkehrte-welt.xml,comedy,1028,658,284,0.5218274111675127,0.33401015228426395,0.14416243654822336,297,554,276,398,120,325,0.15076142131979695,0.2812182741116751,0.1401015228426396,0.2020304568527919,0.06091370558375635,0.1649746192893401,260,84,118,332,136,131,45,425,26,15,0,35,363,0.1319796954314721,0.04263959390862944,0.05989847715736041,0.16852791878172588,0.06903553299492386,0.066497461928934,0.02284263959390863,0.21573604060913706,0.013197969543147208,0.007614213197969543,0,0.017766497461928935,0.18426395939086293
91,GerDracor/bodmer-odoardo-galotti-vater-der-emilia.xml,comedy,125,51,23,0.628140703517588,0.2562814070351759,0.11557788944723618,62,40,37,12,23,25,0.31155778894472363,0.20100502512562815,0.18592964824120603,0.06030150753768844,0.11557788944723618,0.12562814070351758,58,26,10,6,22,12,2,37,1,10,0,5,10,0.2914572864321608,0.1306532663316583,0.05025125628140704,0.03015075376884422,0.11055276381909548,0.06030150753768844,0.010050251256281407,0.18592964824120603,0.005025125628140704,0.05025125628140704,0,0.02512562814070352,0.05025125628140704
92,GerDracor/kotzebue-der-hyperboreische-esel.xml,comedy,238,154,85,0.4989517819706499,0.3228511530398323,0.17819706498951782,74,122,73,70,19,119,0.15513626834381553,0.2557651991614256,0.1530398322851153,0.14675052410901468,0.039832285115303984,0.24947589098532494,55,31,16,67,36,28,3,132,7,5,0,17,80,0.11530398322851153,0.0649895178197065,0.033542976939203356,0.14046121593291405,0.07547169811320754,0.05870020964360587,0.006289308176100629,0.27672955974842767,0.014675052410901468,0.010482180293501049,0,0.03563941299790356,0.16771488469601678
93,TextGrid/-Wie_einem_Weib_jhr_eygner_Mann_verkuppelt_wird.xml,comedy,262,62,8,0.7891566265060241,0.18674698795180722,0.024096385542168676,62,159,41,39,8,23,0.18674698795180722,0.4789156626506024,0.12349397590361445,0.11746987951807229,0.024096385542168676,0.06927710843373494,54,23,11,28,29,15,24,30,4,1,0,8,105,0.16265060240963855,0.06927710843373494,0.03313253012048193,0.08433734939759036,0.08734939759036145,0.045180722891566265,0.07228915662650602,0.09036144578313253,0.012048192771084338,0.0030120481927710845,0,0.024096385542168676,0.31626506024096385
94,GerDracor/lessing-der-junge-gelehrte.xml,comedy,1262,571,635,0.5113452188006483,0.2313614262560778,0.25729335494327393,258,850,273,309,113,665,0.10453808752025932,0.34440842787682335,0.11061588330632091,0.12520259319286872,0.04578606158833063,0.2694489465153971,180,121,93,249,163,109,25,831,27,20,0,43,607,0.07293354943273905,0.049027552674230146,0.03768233387358185,0.10089141004862237,0.06604538087520259,0.044165316045380876,0.01012965964343598,0.336709886547812,0.01094003241491086,0.008103727714748784,0,0.017423014586709886,0.24594813614262562
95,TextGrid/-Sidea.xml,comedy,662,248,47,0.6917450365726228,0.25914315569487983,0.04911180773249739,178,415,140,117,35,72,0.18599791013584116,0.4336468129571578,0.14629049111807732,0.12225705329153605,0.03657262277951933,0.07523510971786834,156,74,32,102,69,61,40,95,24,8,0,28,268,0.16300940438871472,0.07732497387669801,0.03343782654127482,0.10658307210031348,0.07210031347962383,0.06374085684430512,0.04179728317659352,0.09926854754440961,0.025078369905956112,0.008359456635318705,0,0.029258098223615466,0.2800417972831766
96,GerDracor/auenbrugger-der-rauchfangkehrer.xml,comedy,866,606,274,0.4959908361970218,0.3470790378006873,0.15693012600229095,210,478,279,319,87,373,0.12027491408934708,0.27376861397479957,0.15979381443298968,0.1827033218785796,0.04982817869415808,0.213631156930126,181,82,75,291,74,143,35,482,8,6,0,24,345,0.1036655211912944,0.046964490263459335,0.0429553264604811,0.16666666666666666,0.042382588774341354,0.08190148911798396,0.02004581901489118,0.27605956471935855,0.004581901489117984,0.003436426116838488,0,0.013745704467353952,0.19759450171821305
97,GerDracor/borkenstein-der-bookesbeutel.xml,comedy,691,455,133,0.5402658326817826,0.3557466770914777,0.10398749022673964,197,428,244,209,47,154,0.15402658326817825,0.3346364347146208,0.19077404222048475,0.163408913213448,0.03674745895230649,0.12040656763096169,138,99,36,171,79,103,28,210,41,11,0,32,331,0.10789679437060204,0.07740422204847537,0.028146989835809225,0.13369820172009383,0.0617670054730258,0.08053166536356529,0.0218921032056294,0.1641907740422205,0.03205629397967162,0.008600469116497263,0,0.02501954652071931,0.25879593432369036
98,GerDracor/kurz-prinzessin-pumphia.xml,comedy,695,323,92,0.6261261261261262,0.290990990990991,0.08288288288288288,204,356,196,129,94,131,0.1837837837837838,0.3207207207207207,0.17657657657657658,0.11621621621621622,0.08468468468468468,0.11801801801801802,172,106,94,106,96,68,27,176,12,27,0,25,201,0.15495495495495495,0.09549549549549549,0.08468468468468468,0.09549549549549549,0.08648648648648649,0.06126126126126126,0.024324324324324326,0.15855855855855855,0.010810810810810811,0.024324324324324326,0,0.02252252252252252,0.1810810810810811
99,TextGrid/-Von_zweyn_Bruedern_aus_Syracusa.xml,comedy,645,213,35,0.7222844344904815,0.23852183650615902,0.03919372900335946,134,428,112,117,28,74,0.15005599104143338,0.47928331466965285,0.12541993281075028,0.13101903695408734,0.03135498320268757,0.08286674132138858,151,56,28,107,59,25,36,105,14,2,0,23,287,0.1690929451287794,0.06270996640537514,0.03135498320268757,0.11982082866741321,0.06606942889137737,0.027995520716685332,0.040313549832026875,0.11758118701007839,0.015677491601343786,0.0022396416573348264,0,0.025755879059350503,0.3213885778275476
100,TextGrid/-Absurda_Comica._Oder_Herr_Peter_Squenz.xml,comedy,498,282,74,0.5831381733021077,0.33021077283372363,0.08665105386416862,166,256,94,176,43,119,0.19437939110070257,0.2997658079625293,0.11007025761124122,0.20608899297423888,0.05035128805620609,0.13934426229508196,148,24,47,137,68,58,37,168,7,13,0,22,125,0.17330210772833723,0.02810304449648712,0.05503512880562061,0.16042154566744732,0.07962529274004684,0.06791569086651054,0.04332552693208431,0.19672131147540983,0.00819672131147541,0.01522248243559719,0,0.02576112412177986,0.14637002341920374
101,TextGrid/-Von_Vincentio_Ladislao__Versfassung_.xml,comedy,342,261,108,0.4810126582278481,0.3670886075949367,0.1518987341772152,76,221,144,136,15,119,0.10689170182841069,0.3108298171589311,0.20253164556962025,0.19127988748241911,0.02109704641350211,0.16736990154711673,58,21,34,116,30,85,45,201,5,1,0,6,109,0.08157524613220815,0.029535864978902954,0.04781997187060478,0.1631504922644163,0.04219409282700422,0.11954992967651196,0.06329113924050633,0.28270042194092826,0.007032348804500703,0.0014064697609001407,0,0.008438818565400843,0.15330520393811534
102,TextGrid/-Theseus.xml,comedy,1073,507,20,0.670625,0.316875,0.0125,342,621,285,230,66,56,0.21375,0.388125,0.178125,0.14375,0.04125,0.035,298,106,73,234,127,145,78,80,24,15,0,38,382,0.18625,0.06625,0.045625,0.14625,0.079375,0.090625,0.04875,0.05,0.015,0.009375,0,0.02375,0.23875
103,GerDracor/kotzebue-die-deutschen-kleinstaedter.xml,comedy,1003,643,380,0.4950641658440276,0.3173741362290227,0.18756169792694966,291,528,259,347,126,475,0.14363277393879564,0.26061204343534056,0.12783810463968412,0.17127344521224086,0.06219151036525173,0.23445212240868707,240,86,87,312,114,145,35,552,16,15,0,30,394,0.11846001974333663,0.04244817374136229,0.042941757156959526,0.1539980256663376,0.0562685093780849,0.07156959526159921,0.017275419545903257,0.2724580454096742,0.007897334649555774,0.007403751233958539,0,0.014807502467917079,0.19447186574531095
104,GerDracor/goethe-der-grosskophta.xml,comedy,1019,712,342,0.49155812831644957,0.34346357935359384,0.1649782923299566,291,432,365,319,209,457,0.14037626628075253,0.20839363241678727,0.17607332368547998,0.1538832609744332,0.10082006753497347,0.22045344910757356,238,123,161,295,93,193,15,536,33,25,0,54,307,0.11480945489628558,0.059334298118668596,0.07766521948866377,0.14230583695127835,0.04486251808972504,0.09310178485287024,0.00723589001447178,0.2585624698504583,0.015918958031837915,0.0120598166907863,0,0.02604920405209841,0.14809454896285576
105,GerDracor/kotzebue-sultan-wampum.xml,comedy,634,468,208,0.48396946564885496,0.35725190839694654,0.15877862595419848,183,350,216,236,68,257,0.13969465648854962,0.26717557251908397,0.1648854961832061,0.1801526717557252,0.051908396946564885,0.19618320610687023,172,92,46,227,83,80,21,331,12,6,0,19,221,0.13129770992366413,0.07022900763358779,0.035114503816793895,0.1732824427480916,0.0633587786259542,0.061068702290076333,0.01603053435114504,0.25267175572519085,0.00916030534351145,0.004580152671755725,0,0.01450381679389313,0.1687022900763359
106,GerDracor/baeuerle-die-buerger-in-wien.xml,comedy,731,418,237,0.5274170274170275,0.30158730158730157,0.170995670995671,188,455,157,222,78,286,0.13564213564213565,0.3282828282828283,0.11327561327561328,0.16017316017316016,0.05627705627705628,0.20634920634920634,151,58,76,207,64,46,19,344,19,4,0,32,366,0.10894660894660894,0.04184704184704185,0.05483405483405483,0.14935064935064934,0.046176046176046176,0.03318903318903319,0.013708513708513708,0.2481962481962482,0.013708513708513708,0.002886002886002886,0,0.023088023088023088,0.26406926406926406
107,GerDracor/gellert-die-zaertlichen-schwestern.xml,comedy,808,931,362,0.38457877201332696,0.4431223227034745,0.17229890528319847,285,395,568,307,87,459,0.13564969062351262,0.188005711565921,0.2703474535935269,0.14612089481199428,0.04140885292717753,0.21846739647786767,217,339,75,266,99,149,14,477,62,10,0,60,333,0.10328415040456926,0.16135173726796764,0.03569728700618753,0.12660637791527843,0.04712041884816754,0.0709186101856259,0.006663493574488339,0.2270347453593527,0.029509757258448358,0.00475963826749167,0,0.028557829604950024,0.15849595430747263
108,GerDracor/gellert-die-betschwester.xml,comedy,638,610,167,0.4508833922261484,0.43109540636042404,0.11802120141342756,233,296,370,203,86,227,0.16466431095406361,0.20918727915194346,0.26148409893992935,0.14346289752650176,0.0607773851590106,0.16042402826855123,160,180,51,214,66,104,18,267,44,4,0,62,245,0.11307420494699646,0.127208480565371,0.03604240282685512,0.15123674911660778,0.046643109540636045,0.0734982332155477,0.012720848056537103,0.18869257950530036,0.03109540636042403,0.0028268551236749115,0,0.04381625441696113,0.17314487632508835
109,GerDracor/wagner-die-kindermoerderin.xml,comedy,1062,449,266,0.5976364659538548,0.25267304445694994,0.14969048958919529,300,579,183,263,115,337,0.16882386043894204,0.32583005064715814,0.10298255486775464,0.14800225098480585,0.06471581316826111,0.18964546989307823,231,93,97,193,105,55,38,451,15,20,0,54,425,0.12999437253798538,0.05233539673607203,0.05458638154192459,0.10861001688238604,0.05908835115362971,0.030951041080472707,0.021384355655599326,0.2537985368598762,0.008441193021947102,0.011254924029262802,0,0.030388294879009566,0.23916713562183456
110,TextGrid/-Der_niederlaendische_Bauer.xml,comedy,970,631,107,0.5679156908665105,0.3694379391100703,0.0626463700234192,283,625,262,324,47,167,0.16569086651053863,0.3659250585480094,0.15339578454332553,0.18969555035128804,0.027517564402810304,0.0977751756440281,255,96,45,267,122,182,79,245,15,15,0,23,364,0.14929742388758782,0.05620608899297424,0.026346604215456676,0.1563231850117096,0.07142857142857142,0.10655737704918032,0.04625292740046839,0.14344262295081966,0.008782201405152224,0.008782201405152224,0,0.013466042154566744,0.21311475409836064
111,GerDracor/gottschedin-die-pietisterey-im-fischbein-rocke.xml,comedy,1139,834,464,0.4673779236766516,0.34222404595814526,0.1903980303652031,386,677,309,527,107,431,0.1583914649158802,0.2778005744768158,0.12679524004924086,0.21624948707427163,0.043906442347148134,0.1768567911366434,281,143,130,385,128,136,30,647,34,12,0,43,468,0.1153057037340993,0.05867870332375872,0.053344275748871565,0.15798112433319655,0.05252359458350431,0.055806319244973326,0.012310217480508822,0.2654903569963069,0.013951579811243332,0.004924086992203529,0,0.01764464505539598,0.19203939269593762
112,GerDracor/goethe-der-buergergeneral.xml,comedy,722,363,277,0.5301027900146843,0.2665198237885463,0.20337738619676946,144,468,121,227,100,302,0.10572687224669604,0.3436123348017621,0.08883994126284875,0.16666666666666666,0.07342143906020558,0.22173274596182085,148,35,80,202,55,50,27,377,9,5,0,13,361,0.10866372980910426,0.02569750367107195,0.05873715124816446,0.14831130690161526,0.04038179148311307,0.03671071953010279,0.019823788546255508,0.276798825256975,0.006607929515418502,0.003671071953010279,0,0.009544787077826725,0.26505139500734215
113,GerDracor/goethe-der-triumph-der-empfindsamkeit.xml,comedy,496,392,168,0.4696969696969697,0.3712121212121212,0.1590909090909091,174,215,168,218,76,205,0.16477272727272727,0.20359848484848486,0.1590909090909091,0.20643939393939395,0.07196969696969698,0.19412878787878787,164,82,49,204,52,54,18,253,8,12,0,17,143,0.1553030303030303,0.07765151515151515,0.04640151515151515,0.19318181818181818,0.04924242424242424,0.05113636363636364,0.017045454545454544,0.23958333333333334,0.007575757575757576,0.011363636363636364,0,0.016098484848484848,0.13541666666666666
114,GerDracor/platen-berengar.xml,comedy,208,151,47,0.5123152709359606,0.37192118226600984,0.11576354679802955,59,121,81,59,21,65,0.14532019704433496,0.29802955665024633,0.19950738916256158,0.14532019704433496,0.05172413793103448,0.16009852216748768,52,37,22,59,26,35,9,88,3,5,0,7,63,0.12807881773399016,0.09113300492610837,0.054187192118226604,0.14532019704433496,0.06403940886699508,0.08620689655172414,0.022167487684729065,0.21674876847290642,0.007389162561576354,0.012315270935960592,0,0.017241379310344827,0.15517241379310345
115,GerDracor/lessing-die-alte-jungfer.xml,comedy,603,362,280,0.4843373493975904,0.29076305220883536,0.2248995983935743,176,372,141,228,41,287,0.14136546184738955,0.2987951807228916,0.11325301204819277,0.18313253012048192,0.03293172690763052,0.23052208835341365,136,59,47,167,62,52,23,376,14,5,0,27,277,0.10923694779116466,0.04738955823293173,0.03775100401606426,0.13413654618473897,0.04979919678714859,0.04176706827309237,0.018473895582329317,0.30200803212851407,0.011244979919678716,0.004016064257028112,0,0.021686746987951807,0.22248995983935743
116,GerDracor/raimund-der-diamant-des-geisterkoenigs.xml,comedy,827,543,220,0.520125786163522,0.34150943396226413,0.13836477987421383,237,471,186,294,123,279,0.1490566037735849,0.2962264150943396,0.1169811320754717,0.18490566037735848,0.07735849056603773,0.17547169811320754,154,70,81,243,109,90,30,383,22,17,0,41,350,0.09685534591194969,0.0440251572327044,0.0509433962264151,0.15283018867924528,0.06855345911949685,0.05660377358490566,0.018867924528301886,0.2408805031446541,0.013836477987421384,0.010691823899371069,0,0.02578616352201258,0.22012578616352202
117,GerDracor/hafner-der-furchtsame.xml,comedy,907,332,260,0.6050700466977985,0.22148098732488325,0.1734489659773182,216,558,151,178,99,297,0.14409606404269512,0.3722481654436291,0.10073382254836558,0.11874583055370247,0.06604402935290193,0.1981320880587058,186,91,89,115,120,41,27,395,12,17,0,14,392,0.12408272181454302,0.06070713809206137,0.059372915276851235,0.07671781187458306,0.0800533689126084,0.027351567711807873,0.01801200800533689,0.2635090060040027,0.008005336891260841,0.01134089392928619,0,0.009339559706470981,0.26150767178118745
118,GerDracor/krueger-die-candidaten.xml,comedy,619,497,214,0.46541353383458645,0.3736842105263158,0.16090225563909774,180,384,256,214,67,229,0.13533834586466165,0.2887218045112782,0.1924812030075188,0.16090225563909774,0.05037593984962406,0.17218045112781954,152,108,62,163,107,164,19,306,17,6,0,16,210,0.11428571428571428,0.081203007518797,0.04661654135338346,0.12255639097744361,0.08045112781954887,0.12330827067669173,0.014285714285714285,0.23007518796992482,0.012781954887218045,0.004511278195488722,0,0.012030075187969926,0.15789473684210525
119,GerDracor/meisl-orpheus-und-euridice.xml,comedy,576,335,89,0.576,0.335,0.089,157,376,127,196,31,113,0.157,0.376,0.127,0.196,0.031,0.113,118,50,33,147,132,65,39,175,10,5,0,22,204,0.118,0.05,0.033,0.147,0.132,0.065,0.039,0.175,0.01,0.005,0,0.022,0.204
120,GerDracor/grabbe-scherz-satire-ironie-und-tiefere-bedeutung.xml,comedy,744,420,224,0.5360230547550432,0.3025936599423631,0.16138328530259366,184,448,123,262,96,275,0.13256484149855907,0.3227665706051873,0.08861671469740634,0.18876080691642652,0.069164265129683,0.19812680115273776,157,36,69,200,137,80,36,356,6,11,0,17,283,0.11311239193083573,0.025936599423631124,0.04971181556195965,0.1440922190201729,0.09870317002881844,0.05763688760806916,0.025936599423631124,0.2564841498559078,0.004322766570605188,0.00792507204610951,0,0.012247838616714697,0.20389048991354466
121,GerDracor/heyne-die-beiden-billets.xml,comedy,187,150,60,0.47103274559193953,0.3778337531486146,0.15113350125944586,47,132,55,71,6,86,0.11838790931989925,0.33249370277078083,0.1385390428211587,0.17884130982367757,0.015113350125944584,0.21662468513853905,50,27,11,49,15,18,19,95,3,2,0,8,100,0.12594458438287154,0.06801007556675064,0.027707808564231738,0.12342569269521411,0.037783375314861464,0.04534005037783375,0.04785894206549118,0.23929471032745592,0.007556675062972292,0.005037783375314861,0,0.020151133501259445,0.2518891687657431
122,GerDracor/kotzebue-der-wirrwarr.xml,comedy,974,677,435,0.4669223394055609,0.3245445829338447,0.20853307766059445,273,538,276,337,163,499,0.13087248322147652,0.2579098753595398,0.13231064237775647,0.16155321188878236,0.07813998082454458,0.2392138063279003,214,119,131,305,102,83,33,652,17,15,0,31,384,0.10258868648130393,0.05704697986577181,0.06279961649089166,0.14621284755512942,0.0488974113135187,0.03978906999041227,0.015819750719079578,0.31255992329817833,0.008149568552253116,0.007190795781399808,0,0.014860977948226271,0.1840843720038351
